,Released,Genre,Length,Rating,Country,Language,Director,Writers,Actors,Rewards,Imdb_Rating,Imdb_Votes,imdb_ID,Movie_Budget,Gross_in_US,World_gross_income,Opening_US_CANADA
The Shawshank Redemption,1994-10-14,Drama,142,R,United States,English,Frank Darabont,"Stephen King, Frank Darabont","Tim Robbins, Morgan Freeman, Bob Gunton",Nominated for 7 Oscars. 21 wins & 42 nominations total,9.3,2851631,tt0111161,25000000 ,28767189,28884716,727327
The Godfather,1972-03-24,"Crime, Drama",175,R,United States,"English, Italian, Latin",Francis Ford Coppola,"Mario Puzo, Francis Ford Coppola","Marlon Brando, Al Pacino, James Caan",Won 3 Oscars. 31 wins & 31 nominations total,9.2,1988710,tt0068646,6000000 ,136381073,250341816,302393
The Dark Knight,2008-07-18,"Action, Crime, Drama",152,PG-13,"United States, United Kingdom","English, Mandarin",Christopher Nolan,"Jonathan Nolan, Christopher Nolan, David S. Goyer","Christian Bale, Heath Ledger, Aaron Eckhart",Won 2 Oscars. 162 wins & 164 nominations total,9.0,2835809,tt0468569,185000000 ,534987076,1029266147,158411483
The Godfather Part II,1974-12-18,"Crime, Drama",202,R,United States,"English, Italian, Spanish, Latin, Sicilian",Francis Ford Coppola,"Francis Ford Coppola, Mario Puzo","Al Pacino, Robert De Niro, Robert Duvall",Won 6 Oscars. 17 wins & 21 nominations total,9.0,1349735,tt0071562,13000000 ,47834595,47961919,171417
12 Angry Men,1957-04-10,"Crime, Drama",96,Approved,United States,English,Sidney Lumet,Reginald Rose,"Henry Fonda, Lee J. Cobb, Martin Balsam",Nominated for 3 Oscars. 16 wins & 12 nominations total,9.0,851716,tt0050083,350000 ,955,0,0
Schindler's List,1994-02-04,"Biography, Drama, History",195,R,United States,"English, Hebrew, German, Polish, Latin",Steven Spielberg,"Thomas Keneally, Steven Zaillian","Liam Neeson, Ralph Fiennes, Ben Kingsley",Won 7 Oscars. 91 wins & 49 nominations total,9.0,1434327,tt0108052,22000000 ,96898818,322161245,656636
The Lord of the Rings: The Return of the King,2003-12-17,"Action, Adventure, Drama",201,PG-13,"New Zealand, United States","English, Quenya, Old English, Sindarin",Peter Jackson,"J.R.R. Tolkien, Fran Walsh, Philippa Boyens","Elijah Wood, Viggo Mortensen, Ian McKellen",Won 11 Oscars. 215 wins & 124 nominations total,9.0,1955374,tt0167260,94000000 ,379427292,1156194180,72629713
Pulp Fiction,1994-10-14,"Crime, Drama",154,R,United States,"English, Spanish, French",Quentin Tarantino,"Quentin Tarantino, Roger Avary","John Travolta, Uma Thurman, Samuel L. Jackson",Won 1 Oscar. 69 wins & 72 nominations total,8.9,2191582,tt0110912,8000000 ,107928762,213928762,9311882
The Lord of the Rings: The Fellowship of the Ring,2001-12-19,"Action, Adventure, Drama",178,PG-13,"New Zealand, United States","English, Sindarin",Peter Jackson,"J.R.R. Tolkien, Fran Walsh, Philippa Boyens","Elijah Wood, Ian McKellen, Orlando Bloom",Won 4 Oscars. 125 wins & 127 nominations total,8.9,1983238,tt0120737,93000000 ,316115420,883407846,47211490
"The Good, the Bad and the Ugly",1967-12-29,"Adventure, Western",178,Approved,"Italy, Spain, West Germany",Italian,Sergio Leone,"Luciano Vincenzoni, Sergio Leone, Agenore Incrocci","Clint Eastwood, Eli Wallach, Lee Van Cleef",2 wins & 5 nominations,8.8,802961,tt0060196,1200000 ,25100000,0,25253887
Forrest Gump,1994-07-06,"Drama, Romance",142,PG-13,United States,English,Robert Zemeckis,"Winston Groom, Eric Roth","Tom Hanks, Robin Wright, Gary Sinise",Won 6 Oscars. 50 wins & 74 nominations total,8.8,2228850,tt0109830,55000000 ,330455270,678226465,24450602
The Lord of the Rings: The Two Towers,2002-12-18,"Action, Adventure, Drama",179,PG-13,"New Zealand, United States","English, Sindarin, Old English",Peter Jackson,"J.R.R. Tolkien, Fran Walsh, Philippa Boyens","Elijah Wood, Ian McKellen, Viggo Mortensen",Won 2 Oscars. 132 wins & 138 nominations total,8.8,1763973,tt0167261,94000000 ,342952511,948945489,62007528
Fight Club,1999-10-15,Drama,139,R,"Germany, United States",English,David Fincher,"Chuck Palahniuk, Jim Uhls","Brad Pitt, Edward Norton, Meat Loaf",Nominated for 1 Oscar. 12 wins & 38 nominations total,8.8,2287043,tt0137523,63000000 ,37030102,101209702,11035485
Inception,2010-07-16,"Action, Adventure, Sci-Fi",148,PG-13,"United States, United Kingdom","English, Japanese, French",Christopher Nolan,Christopher Nolan,"Leonardo DiCaprio, Joseph Gordon-Levitt, Elliot Page",Won 4 Oscars. 159 wins & 220 nominations total,8.8,2517914,tt1375666,160000000 ,292587330,839030630,62785337
Star Wars: Episode V - The Empire Strikes Back,1980-06-18,"Action, Adventure, Fantasy",124,PG,United States,English,Irvin Kershner,"Leigh Brackett, Lawrence Kasdan, George Lucas","Mark Hamill, Harrison Ford, Carrie Fisher",Won 1 Oscar. 26 wins & 20 nominations total,8.7,1365441,tt0080684,18000000 ,292753960,538375067,4910483
The Matrix,1999-03-31,"Action, Sci-Fi",136,R,"United States, Australia",English,"Lana Wachowski, Lilly Wachowski","Lilly Wachowski, Lana Wachowski","Keanu Reeves, Laurence Fishburne, Carrie-Anne Moss",Won 4 Oscars. 42 wins & 52 nominations total,8.7,2026128,tt0133093,63000000 ,172076928,467222728,27788331
Goodfellas,1990-09-21,"Biography, Crime, Drama",145,R,United States,"English, Italian",Martin Scorsese,"Nicholas Pileggi, Martin Scorsese","Robert De Niro, Ray Liotta, Joe Pesci",Won 1 Oscar. 44 wins & 38 nominations total,8.7,1242337,tt0099685,25000000 ,46909721,47036784,6368901
One Flew Over the Cuckoo's Nest,1975-11-19,Drama,133,R,United States,English,Milos Forman,"Lawrence Hauben, Bo Goldman, Ken Kesey","Jack Nicholson, Louise Fletcher, Michael Berryman",Won 5 Oscars. 38 wins & 15 nominations total,8.7,1060833,tt0073486,3000000 ,108981275,0,109114817
Se7en,1995-09-22,"Crime, Drama, Mystery",127,R,United States,English,David Fincher,Andrew Kevin Walker,"Morgan Freeman, Brad Pitt, Kevin Spacey",Nominated for 1 Oscar. 29 wins & 43 nominations total,8.6,1774300,tt0114369,33000000 ,100125643,327333559,13949807
It's a Wonderful Life,1947-01-07,"Drama, Family, Fantasy",130,PG,United States,"English, French",Frank Capra,"Frances Goodrich, Albert Hackett, Frank Capra","James Stewart, Donna Reed, Lionel Barrymore",Nominated for 5 Oscars. 7 wins & 6 nominations total,8.6,495169,tt0038650,3180000 ,1483643,9740308,44000
Interstellar,2014-11-07,"Adventure, Drama, Sci-Fi",169,PG-13,"United States, United Kingdom, Canada",English,Christopher Nolan,"Jonathan Nolan, Christopher Nolan","Matthew McConaughey, Anne Hathaway, Jessica Chastain",Won 1 Oscar. 44 wins & 148 nominations total,8.7,2053873,tt0816692,165000000 ,188020017,731079637,47510360
Seven Samurai,1956-11-19,"Action, Drama",207,Not Rated,Japan,Japanese,Akira Kurosawa,"Akira Kurosawa, Shinobu Hashimoto, Hideo Oguni","Toshirô Mifune, Takashi Shimura, Keiko Tsushima",Nominated for 2 Oscars. 5 wins & 9 nominations total,8.6,363557,tt0047478,318649,15942,0,346258
The Silence of the Lambs,1991-02-14,"Crime, Drama, Thriller",118,R,United States,"English, Latin",Jonathan Demme,"Thomas Harris, Ted Tally","Jodie Foster, Anthony Hopkins, Scott Glenn",Won 5 Oscars. 70 wins & 50 nominations total,8.6,1529827,tt0102926,19000000 ,130742922,272742922,13766814
Saving Private Ryan,1998-07-24,"Drama, War",169,R,United States,"English, French, German, Czech",Steven Spielberg,Robert Rodat,"Tom Hanks, Matt Damon, Tom Sizemore",Won 5 Oscars. 79 wins & 75 nominations total,8.6,1480351,tt0120815,70000000 ,217049603,482349603,30576104
City of God,2004-02-13,"Crime, Drama",130,R,"Brazil, France, Germany",Portuguese,"Fernando Meirelles, Kátia Lund","Paulo Lins, Bráulio Mantovani","Alexandre Rodrigues, Leandro Firmino, Matheus Nachtergaele",Nominated for 4 Oscars. 75 wins & 50 nominations total,8.6,794637,tt0317248,R3300000 ,7564459,30680793,88292
Life Is Beautiful,1997-12-20,"Comedy, Drama, Romance",116,PG-13,Italy,"Italian, German, English",Roberto Benigni,"Vincenzo Cerami, Roberto Benigni","Roberto Benigni, Nicoletta Braschi, Giorgio Cantarini",Won 3 Oscars. 72 wins & 52 nominations total,8.6,735014,tt0118799,20000000 ,57563264,230099013,118920
The Green Mile,1999-12-10,"Crime, Drama, Fantasy",189,R,United States,"English, French",Frank Darabont,"Stephen King, Frank Darabont","Tom Hanks, Michael Clarke Duncan, David Morse",Nominated for 4 Oscars. 15 wins & 37 nominations total,8.6,1390817,tt0120689,60000000 ,136801374,286801374,18017152
Terminator 2: Judgment Day,1991-07-03,"Action, Sci-Fi",137,R,United States,"English, Spanish",James Cameron,"James Cameron, William Wisher","Arnold Schwarzenegger, Linda Hamilton, Edward Furlong",Won 4 Oscars. 39 wins & 33 nominations total,8.6,1162149,tt0103064,102000000 ,205881154,520881154,31765506
Star Wars: Episode IV - A New Hope,1977-05-25,"Action, Adventure, Fantasy",121,PG,United States,English,George Lucas,George Lucas,"Mark Hamill, Harrison Ford, Carrie Fisher",Won 6 Oscars. 66 wins & 31 nominations total,8.6,1435882,tt0076759,11000000 ,460998507,775398007,1554475
Back to the Future,1985-07-03,"Adventure, Comedy, Sci-Fi",116,PG,United States,English,Robert Zemeckis,"Robert Zemeckis, Bob Gale","Michael J. Fox, Christopher Lloyd, Lea Thompson",Won 1 Oscar. 23 wins & 25 nominations total,8.5,1291396,tt0088763,19000000 ,214077472,384577472,11152500
Spirited Away,2003-03-28,"Animation, Adventure, Family",125,PG,Japan,Japanese,Hayao Miyazaki,Hayao Miyazaki,"Daveigh Chase, Suzanne Pleshette, Miyu Irino",Won 1 Oscar. 58 wins & 31 nominations total,8.6,835536,tt0245429,19000000 ,15205725,357287850,449839
Spider-Man: Across the Spider-Verse,2023-06-02,"Animation, Action, Adventure",140,PG,United States,English,"Joaquim Dos Santos, Kemp Powers, Justin K. Thompson","Phil Lord, Christopher Miller, Dave Callaham","Shameik Moore, Hailee Steinfeld, Brian Tyree Henry",Nominated for 1 Oscar. 69 wins & 168 nominations total,8.6,344248,tt9362722,150000000 ,381593754,690897910,120663589
The Pianist,2003-03-28,"Biography, Drama, Music",150,R,"France, Poland, Germany, United Kingdom, United States","English, German, Russian",Roman Polanski,"Ronald Harwood, Wladyslaw Szpilman","Adrien Brody, Thomas Kretschmann, Frank Finlay",Won 3 Oscars. 57 wins & 74 nominations total,8.5,898798,tt0253474,35000000 ,32585488,120085488,111261
Parasite,2019-11-08,"Drama, Thriller",132,R,South Korea,"Korean, English",Bong Joon Ho,"Bong Joon Ho, Han Jin-won","Song Kang-ho, Lee Sun-kyun, Cho Yeo-jeong",Won 4 Oscars. 309 wins & 265 nominations total,8.5,932313,tt6751668,11400000 ,53369749,262029080,393216
Psycho,1960-09-08,"Horror, Mystery, Thriller",109,R,United States,English,Alfred Hitchcock,"Joseph Stefano, Robert Bloch","Anthony Perkins, Janet Leigh, Vera Miles",Nominated for 4 Oscars. 8 wins & 14 nominations total,8.5,711694,tt0054215,806947 ,32000000,0,32052925
Gladiator,2000-05-05,"Action, Adventure, Drama",155,R,"United States, United Kingdom, Malta, Morocco",English,Ridley Scott,"David Franzoni, John Logan, William Nicholson","Russell Crowe, Joaquin Phoenix, Connie Nielsen",Won 5 Oscars. 60 wins & 104 nominations total,8.5,1599965,tt0172495,103000000 ,187705427,465380802,34819017
The Lion King,1994-06-24,"Animation, Adventure, Drama",88,G,United States,"English, Swahili, Xhosa, Zulu","Roger Allers, Rob Minkoff","Irene Mecchi, Jonathan Roberts, Linda Woolverton","Matthew Broderick, Jeremy Irons, James Earl Jones",Won 2 Oscars. 43 wins & 35 nominations total,8.5,1127781,tt0110357,45000000 ,422783777,968511805,1586753
Léon: The Professional,1994-11-18,"Action, Crime, Drama",110,R,"France, United States","English, Italian, French",Luc Besson,Luc Besson,"Jean Reno, Gary Oldman, Natalie Portman",5 wins & 16 nominations,8.5,1232937,tt0110413,19501238,5306558,0,19569225
The Departed,2006-10-06,"Crime, Drama, Thriller",151,R,"United States, Hong Kong","English, Cantonese",Martin Scorsese,"William Monahan, Alan Mak, Felix Chong","Leonardo DiCaprio, Matt Damon, Jack Nicholson",Won 4 Oscars. 98 wins & 141 nominations total,8.5,1408134,tt0407887,90000000 ,132399394,291480452,26887467
American History X,1998-11-20,"Crime, Drama",119,R,United States,English,Tony Kaye,David McKenna,"Edward Norton, Edward Furlong, Beverly D'Angelo",Nominated for 1 Oscar. 4 wins & 15 nominations total,8.5,1176245,tt0120586,20000000 ,6719864,23875127,156076
Whiplash,2014-10-15,"Drama, Music",106,R,United States,English,Damien Chazelle,Damien Chazelle,"Miles Teller, J.K. Simmons, Melissa Benoist",Won 3 Oscars. 98 wins & 144 nominations total,8.5,970021,tt2582802,3300000 ,13092000,49440474,135388
The Prestige,2006-10-20,"Drama, Mystery, Sci-Fi",130,PG-13,"United Kingdom, United States",English,Christopher Nolan,"Jonathan Nolan, Christopher Nolan, Christopher Priest","Christian Bale, Hugh Jackman, Scarlett Johansson",Nominated for 2 Oscars. 6 wins & 45 nominations total,8.5,1422479,tt0482571,0,0,0,0
Grave of the Fireflies,1989-07-26,"Animation, Drama, War",89,Not Rated,"Japan, United States","English, Japanese",Isao Takahata,"Akiyuki Nosaka, Isao Takahata","Tsutomu Tatsumi, Ayano Shiraishi, Akemi Yamaguchi",3 wins,8.5,304968,tt0095327,3700000 ,516962,516962,158101
Harakiri,1964-08-04,"Action, Drama, Mystery",133,Not Rated,Japan,Japanese,Masaki Kobayashi,"Yasuhiko Takiguchi, Shinobu Hashimoto","Tatsuya Nakadai, Akira Ishihama, Shima Iwashita",9 wins & 3 nominations,8.6,66516,tt0056058,15222,0,0,0
The Usual Suspects,1995-08-16,"Crime, Drama, Mystery",106,R,"United States, Germany","English, Hungarian, Spanish, French",Bryan Singer,Christopher McQuarrie,"Kevin Spacey, Gabriel Byrne, Chazz Palminteri",Won 2 Oscars. 37 wins & 17 nominations total,8.5,1136304,tt0114814,6000000 ,23341568,23341568,645363
Casablanca,1943-01-23,"Drama, Romance, War",102,PG,United States,"English, French, German, Italian, Russian",Michael Curtiz,"Julius J. Epstein, Philip G. Epstein, Howard Koch","Humphrey Bogart, Ingrid Bergman, Paul Henreid",Won 3 Oscars. 14 wins & 11 nominations total,8.5,600213,tt0034583,950000 ,4219709,4627326,181494
The Intouchables,2011-11-02,"Comedy, Drama",112,R,France,"French, English","Olivier Nakache, Éric Toledano","Olivier Nakache, Éric Toledano, Philippe Pozzo di Borgo","François Cluzet, Omar Sy, Anne Le Ny",Nominated for 1 BAFTA Award38 wins & 40 nominations total,8.5,918387,tt1675434,10198820,103507,0,426588510
Modern Times,1936-02-25,"Comedy, Drama, Romance",87,G,United States,English,Charles Chaplin,Charles Chaplin,"Charles Chaplin, Paulette Goddard, Henry Bergman",4 wins & 1 nomination,8.5,257290,tt0027977,1500000 ,163577,463618,35809
Cinema Paradiso,1990-02-23,"Drama, Romance",155,PG,"Italy, France",Italian,Giuseppe Tornatore,"Giuseppe Tornatore, Vanna Paoli","Philippe Noiret, Enzo Cannavale, Antonella Attili",Won 1 Oscar. 25 wins & 32 nominations total,8.5,279511,tt0095765,5000000 ,12397210,13019063,16552
Rear Window,1954-09-01,"Mystery, Thriller",112,PG,United States,English,Alfred Hitchcock,"John Michael Hayes, Cornell Woolrich","James Stewart, Grace Kelly, Wendell Corey",Nominated for 4 Oscars. 6 wins & 13 nominations total,8.5,516997,tt0047396,1000000 ,36764313,0,37034884
Once Upon a Time in the West,1969-07-04,Western,166,PG-13,"Italy, United States","Italian, English, Spanish",Sergio Leone,"Sergio Donati, Sergio Leone, Dario Argento","Henry Fonda, Charles Bronson, Claudia Cardinale",6 wins & 5 nominations,8.5,346647,tt0064116,5000000 ,5321508,0,5435312
12th Fail,2023-10-27,"Biography, Drama",147,N/A,India,"Hindi, Malayalam, Tamil, Telugu, Kannada",Vidhu Vinod Chopra,"Vidhu Vinod Chopra, Jaskunwar Kohli, Anurag Pathak","Vikrant Massey, Medha Shankar, Joshi Anantvijay",9 wins & 11 nominations,9.1,96262,tt23849204,0,0,138288,0
Alien,1979-06-22,"Horror, Sci-Fi",117,R,"United Kingdom, United States",English,Ridley Scott,"Dan O'Bannon, Ronald Shusett","Sigourney Weaver, Tom Skerritt, John Hurt",Won 1 Oscar. 18 wins & 22 nominations total,8.5,939605,tt0078748,11000000 ,81900459,106285522,3527881
City Lights,1931-03-07,"Comedy, Drama, Romance",87,G,United States,"None, English",Charles Chaplin,"Charles Chaplin, Harry Carr, Harry Crocker","Charles Chaplin, Virginia Cherrill, Florence Lee",4 wins,8.5,194282,tt0021749,1500000 ,19181,50419,9102
Apocalypse Now,1979-08-15,"Drama, Mystery, War",147,R,United States,"English, French, Vietnamese",Francis Ford Coppola,"John Milius, Francis Ford Coppola, Michael Herr","Martin Sheen, Marlon Brando, Robert Duvall",Won 2 Oscars. 21 wins & 33 nominations total,8.4,703558,tt0078788,31500000 ,96042913,104876307,118558
Django Unchained,2012-12-25,"Drama, Western",165,R,United States,"English, German, French, Italian",Quentin Tarantino,Quentin Tarantino,"Jamie Foxx, Christoph Waltz, Leonardo DiCaprio",Won 2 Oscars. 58 wins & 158 nominations total,8.5,1672172,tt1853728,100000000 ,162805434,426074373,30122888
Memento,2001-05-25,"Mystery, Thriller",113,R,United States,English,Christopher Nolan,"Christopher Nolan, Jonathan Nolan","Guy Pearce, Carrie-Anne Moss, Joe Pantoliano",Nominated for 2 Oscars. 57 wins & 59 nominations total,8.4,1309458,tt0209144,9000000 ,25544867,40047078,235488
WALL·E,2008-06-27,"Animation, Adventure, Family",98,G,"United States, Japan","English, Russian, Ukrainian",Andrew Stanton,"Andrew Stanton, Pete Docter, Jim Reardon","Ben Burtt, Elissa Knight, Jeff Garlin",Won 1 Oscar. 96 wins & 95 nominations total,8.4,1187738,tt0910970,180000000 ,223808164,521311890,63087526
Raiders of the Lost Ark,1981-06-12,"Action, Adventure",115,PG,United States,"English, German, Spanish, Nepali, Hebrew, Arabic",Steven Spielberg,"Lawrence Kasdan, George Lucas, Philip Kaufman","Harrison Ford, Karen Allen, Paul Freeman",Won 4 Oscars. 38 wins & 24 nominations total,8.4,1028786,tt0082971,18000000 ,248159971,389925971,8305823
The Lives of Others,2007-03-30,"Drama, Mystery, Thriller",137,R,"Germany, France",German,Florian Henckel von Donnersmarck,Florian Henckel von Donnersmarck,"Ulrich Mühe, Martina Gedeck, Sebastian Koch",Won 1 Oscar. 80 wins & 38 nominations total,8.4,406419,tt0405094,2000000 ,11286112,77356942,223000
Sunset Blvd.,1950-08-04,"Drama, Film-Noir",110,Passed,United States,English,Billy Wilder,"Charles Brackett, Billy Wilder, D.M. Marshman Jr.","William Holden, Gloria Swanson, Erich von Stroheim",Won 3 Oscars. 19 wins & 20 nominations total,8.4,234021,tt0043014,1752000 ,299645,300073,169067
Paths of Glory,1957-12-25,"Drama, War",88,Approved,United States,"English, German, Latin",Stanley Kubrick,"Stanley Kubrick, Calder Willingham, Jim Thompson","Kirk Douglas, Ralph Meeker, Adolphe Menjou",Nominated for 1 BAFTA Award5 wins & 3 nominations total,8.4,209887,tt0050825,935000 ,5252,0,0
Avengers: Infinity War,2018-04-27,"Action, Adventure, Sci-Fi",149,PG-13,"United States, Norway",English,"Anthony Russo, Joe Russo","Christopher Markus, Stephen McFeely, Stan Lee","Robert Downey Jr., Chris Hemsworth, Mark Ruffalo",Nominated for 1 Oscar. 46 wins & 80 nominations total,8.4,1185266,tt4154756,321000000 ,678815482,2052415039,257698183
Spider-Man: Into the Spider-Verse,2018-12-14,"Animation, Action, Adventure",117,PG,"Canada, United States","English, Spanish","Bob Persichetti, Peter Ramsey, Rodney Rothman","Phil Lord, Rodney Rothman","Shameik Moore, Jake Johnson, Hailee Steinfeld",Won 1 Oscar. 84 wins & 59 nominations total,8.4,659349,tt4633694,90000000 ,190241310,384298736,35363376
The Shining,1980-06-13,"Drama, Horror",146,R,"United Kingdom, United States",English,Stanley Kubrick,"Stephen King, Stanley Kubrick, Diane Johnson","Jack Nicholson, Shelley Duvall, Danny Lloyd",6 wins & 8 nominations,8.4,1092792,tt0081505,19000000 ,45634352,47328250,622337
Witness for the Prosecution,1958-02-06,"Crime, Drama, Mystery",116,Approved,United States,"English, German",Billy Wilder,"Agatha Christie, Billy Wilder, Harry Kurnitz","Tyrone Power, Marlene Dietrich, Charles Laughton",Nominated for 6 Oscars. 3 wins & 15 nominations total,8.4,135630,tt0051201,3000000 ,7693,0,0
The Great Dictator,1941-03-07,"Comedy, Drama, War",125,G,United States,"English, Esperanto, Latin",Charles Chaplin,Charles Chaplin,"Charles Chaplin, Paulette Goddard, Jack Oakie",Nominated for 5 Oscars. 7 wins & 6 nominations total,8.4,235571,tt0032553,2000000 ,970263,0,0
Aliens,1986-07-18,"Action, Adventure, Sci-Fi",137,R,"United Kingdom, United States","English, Spanish",James Cameron,"James Cameron, David Giler, Walter Hill","Sigourney Weaver, Michael Biehn, Carrie Henn",Won 2 Oscars. 20 wins & 25 nominations total,8.4,755647,tt0090605,18500000 ,85160248,131060248,10052042
Inglourious Basterds,2009-08-21,"Adventure, Drama, War",153,R,"Germany, United States","English, German, French, Italian",Quentin Tarantino,Quentin Tarantino,"Brad Pitt, Diane Kruger, Eli Roth",Won 1 Oscar. 134 wins & 172 nominations total,8.4,1561622,tt0361748,70000000 ,120540719,321457747,38054676
The Dark Knight Rises,2012-07-20,"Action, Drama, Thriller",164,PG-13,"United States, United Kingdom","English, Arabic",Christopher Nolan,"Jonathan Nolan, Christopher Nolan, David S. Goyer","Christian Bale, Tom Hardy, Anne Hathaway",Nominated for 1 BAFTA Award43 wins & 104 nominations total,8.4,1805388,tt1345836,250000000 ,448149584,1114085030,160887295
Dr. Strangelove or: How I Learned to Stop Worrying and Love the Bomb,1964-01-29,"Comedy, War",95,PG,"United Kingdom, United States","English, Russian",Stanley Kubrick,"Stanley Kubrick, Terry Southern, Peter George","Peter Sellers, George C. Scott, Sterling Hayden",Nominated for 4 Oscars. 14 wins & 11 nominations total,8.4,513884,tt0057012,1800000 ,9440272,9525941,11751
American Beauty,1999-10-01,Drama,122,R,United States,English,Sam Mendes,Alan Ball,"Kevin Spacey, Annette Bening, Thora Birch",Won 5 Oscars. 112 wins & 102 nominations total,8.3,1202201,tt0169547,15000000 ,130096601,356296601,861531
Oldboy,2003-11-21,"Action, Drama, Mystery",120,R,South Korea,Korean,Park Chan-wook,"Garon Tsuchiya, Nobuaki Minegishi, Park Chan-wook","Choi Min-sik, Yoo Ji-tae, Kang Hye-jeong",40 wins & 27 nominations,8.3,626661,tt0364569,3000000 ,2458200,17504823,68957
Coco,2017-11-22,"Animation, Adventure, Drama",105,PG,"United States, Mexico, Japan","English, Spanish","Lee Unkrich, Adrian Molina","Lee Unkrich, Jason Katz, Matthew Aldrich","Anthony Gonzalez, Gael García Bernal, Benjamin Bratt",Won 2 Oscars. 110 wins & 41 nominations total,8.4,578517,tt2380307,175000000 ,210460015,814337054,50802605
Amadeus,1984-09-19,"Biography, Drama, Music",160,PG,"United States, France","English, Italian, Latin, German, French",Milos Forman,"Peter Shaffer, Zdenek Mahler","F. Murray Abraham, Tom Hulce, Elizabeth Berridge",Won 8 Oscars. 43 wins & 15 nominations total,8.4,424321,tt0086879,18000000 ,51973029,52066791,505276
Toy Story,1995-11-22,"Animation, Adventure, Comedy",81,G,"United States, Japan","English, Russian, Ukrainian",John Lasseter,"John Lasseter, Pete Docter, Andrew Stanton","Tom Hanks, Tim Allen, Don Rickles",Nominated for 3 Oscars. 29 wins & 23 nominations total,8.3,1057356,tt0114709,30000000 ,223225679,394436586,29140617
The Boat,1982-02-10,"Drama, War",149,R,"West Germany, Italy, France, United Kingdom",German,Wolfgang Petersen,"Wolfgang Petersen, Lothar G. Buchheim","Jürgen Prochnow, Herbert Grönemeyer, Klaus Wennemann",Nominated for 6 Oscars. 13 wins & 12 nominations total,8.4,262394,tt0082096,11487676,26994,0,11487676
Braveheart,1995-05-24,"Biography, Drama, History",178,R,United States,"English, French, Latin, Gaelic, Italian",Mel Gibson,Randall Wallace,"Mel Gibson, Sophie Marceau, Patrick McGoohan",Won 5 Oscars. 34 wins & 34 nominations total,8.3,1082896,tt0112573,72000000 ,75609945,213216216,9938276
Avengers: Endgame,2019-04-26,"Action, Adventure, Drama",181,PG-13,United States,"English, Japanese, Xhosa, German","Anthony Russo, Joe Russo","Christopher Markus, Stephen McFeely, Stan Lee","Robert Downey Jr., Chris Evans, Mark Ruffalo",Nominated for 1 Oscar. 70 wins & 133 nominations total,8.4,1246637,tt4154796,356000000 ,858373000,2799439100,357115007
Joker,2019-10-04,"Crime, Drama, Thriller",122,R,"United States, Canada, Australia","English, German",Todd Phillips,"Todd Phillips, Scott Silver, Bob Kane","Joaquin Phoenix, Robert De Niro, Zazie Beetz",Won 2 Oscars. 121 wins & 245 nominations total,8.4,1450964,tt7286456,55000000 ,335477657,1078958282,96202337
Princess Mononoke,1997-12-19,"Animation, Action, Adventure",134,PG-13,Japan,Japanese,Hayao Miyazaki,"Hayao Miyazaki, Neil Gaiman","Yôji Matsuda, Yuriko Ishida, Yûko Tanaka",14 wins & 6 nominations,8.3,427257,tt0119698,4845631,144446,0,170140933
Good Will Hunting,1998-01-09,"Drama, Romance",126,R,United States,English,Gus Van Sant,"Matt Damon, Ben Affleck","Robin Williams, Matt Damon, Ben Affleck",Won 2 Oscars. 24 wins & 61 nominations total,8.3,1050573,tt0119217,10000000 ,138433435,225933435,272912
Oppenheimer,2023-07-21,"Biography, Drama, History",180,R,"United States, United Kingdom","English, German, Italian",Christopher Nolan,"Christopher Nolan, Kai Bird, Martin Sherwin","Cillian Murphy, Emily Blunt, Matt Damon",Nominated for 13 Oscars. 252 wins & 379 nominations total,8.4,621863,tt15398776,100000000 ,328980665,957552665,82455420
Your Name.,2017-04-07,"Animation, Drama, Fantasy",106,TV-PG,Japan,Japanese,Makoto Shinkai,"Makoto Shinkai, Clark Cheng","Ryunosuke Kamiki, Mone Kamishiraishi, Ryo Narita",17 wins & 27 nominations,8.4,311340,tt5311514,5017246,1813781,0,382238181
Once Upon a Time in America,1984-06-01,"Crime, Drama",229,R,"United States, Italy","English, Italian, French, Yiddish, Hebrew",Sergio Leone,"Harry Grey, Leonardo Benvenuti, Piero De Bernardi","Robert De Niro, James Woods, Elizabeth McGovern",Won 2 BAFTA 11 wins & 13 nominations total,8.3,374150,tt0087843,30000000 ,5321508,5474818,2412014
High and Low,1963-11-26,"Crime, Drama, Mystery",143,Not Rated,Japan,Japanese,Akira Kurosawa,"Hideo Oguni, Ryûzô Kikushima, Eijirô Hisaita","Toshirô Mifune, Yutaka Sada, Tatsuya Nakadai",3 wins & 3 nominations,8.4,51939,tt0057565,46808,15942,0,46808
3 Idiots,2009-12-25,"Comedy, Drama",170,PG-13,India,"Hindi, English",Rajkumar Hirani,"Abhijat Joshi, Rajkumar Hirani, Vidhu Vinod Chopra","Aamir Khan, Madhavan, Mona Singh",64 wins & 30 nominations,8.4,429262,tt1187043,6532874,1645502,0,60262836
Singin' in the Rain,1952-04-10,"Comedy, Musical, Romance",103,G,United States,English,"Stanley Donen, Gene Kelly","Betty Comden, Adolph Green","Gene Kelly, Donald O'Connor, Debbie Reynolds",Nominated for 2 Oscars. 8 wins & 9 nominations total,8.3,258077,tt0045152,2540800 ,1884537,2000288,13643
Capernaum,2018-09-20,Drama,126,R,"Lebanon, United States, France, Cyprus, Qatar, United Kingdom","Arabic, Amharic",Nadine Labaki,"Nadine Labaki, Jihad Hojeily, Michelle Keserwany","Zain Al Rafeea, Yordanos Shiferaw, Boluwatife Treasure Bankole",Nominated for 1 Oscar. 39 wins & 55 nominations total,8.4,103124,tt8267604,4000000 ,1661096,64417003,24988
Requiem for a Dream,2000-12-15,Drama,102,Unrated,United States,English,Darren Aronofsky,"Hubert Selby Jr., Darren Aronofsky","Ellen Burstyn, Jared Leto, Jennifer Connelly",Nominated for 1 Oscar. 37 wins & 69 nominations total,8.3,890236,tt0180093,4500000 ,3635482,7390108,64770
Come and See,1985-09-03,"Drama, Thriller, War",142,Not Rated,Soviet Union,"Belarusian, Russian, German",Elem Klimov,"Ales Adamovich, Elem Klimov","Aleksey Kravchenko, Olga Mironova, Liubomiras Laucevicius",3 wins,8.4,94372,tt0091251,71909,16053,0,20929648
Toy Story 3,2010-06-18,"Animation, Adventure, Comedy",103,G,"United States, Japan","English, Russian, Spanish, Ukrainian",Lee Unkrich,"John Lasseter, Andrew Stanton, Lee Unkrich","Tom Hanks, Tim Allen, Joan Cusack",Won 2 Oscars. 62 wins & 96 nominations total,8.3,884294,tt0435761,200000000 ,415004880,1067316101,110307189
Star Wars: Episode VI - Return of the Jedi,1983-05-25,"Action, Adventure, Fantasy",131,PG,United States,"English, Kikuyu, Tagalog, Kalmyk-Oirat, Quechua, Polish",Richard Marquand,"Lawrence Kasdan, George Lucas","Mark Hamill, Harrison Ford, Carrie Fisher",Nominated for 4 Oscars. 23 wins & 23 nominations total,8.3,1110849,tt0086190,32500000 ,316566101,475106177,23019618
Eternal Sunshine of the Spotless Mind,2004-03-19,"Drama, Romance, Sci-Fi",108,R,United States,English,Michel Gondry,"Charlie Kaufman, Michel Gondry, Pierre Bismuth","Jim Carrey, Kate Winslet, Tom Wilkinson",Won 1 Oscar. 73 wins & 111 nominations total,8.3,1064309,tt0338013,20000000 ,34400301,73387734,8175198
The Hunt,2013-01-10,Drama,115,R,"Denmark, Sweden","Danish, English, Polish",Thomas Vinterberg,"Thomas Vinterberg, Tobias Lindholm","Mads Mikkelsen, Thomas Bo Larsen, Annika Wedderkopp",Nominated for 1 Oscar. 38 wins & 73 nominations total,8.3,358085,tt2106476,613308,43045,0,15886373
Poor Things,2024-01-12,"Comedy, Drama, Romance",141,R,"Ireland, United Kingdom, United States","English, French, Portuguese",Yorgos Lanthimos,"Tony McNamara, Alasdair Gray","Emma Stone, Mark Ruffalo, Willem Dafoe",Nominated for 11 Oscars. 73 wins & 383 nominations total,8.4,56009,tt14230458,32249245,661230,0,93416102
2001: A Space Odyssey,1968-05-12,"Adventure, Sci-Fi",149,G,"United Kingdom, United States","English, Russian, French",Stanley Kubrick,"Stanley Kubrick, Arthur C. Clarke","Keir Dullea, Gary Lockwood, William Sylvester",Won 1 Oscar. 17 wins & 14 nominations total,8.3,711595,tt0062622,12000000 ,60481243,66485682,202759
Reservoir Dogs,1992-09-02,"Crime, Thriller",99,R,United States,English,Quentin Tarantino,"Quentin Tarantino, Roger Avary","Harvey Keitel, Tim Roth, Michael Madsen",12 wins & 23 nominations,8.3,1077706,tt0105236,1200000 ,2832029,2913644,147839
Ikiru,1956-03-25,Drama,143,Not Rated,Japan,"Japanese, Latin, English, French",Akira Kurosawa,"Akira Kurosawa, Shinobu Hashimoto, Hideo Oguni","Takashi Shimura, Nobuo Kaneko, Shin'ichi Himori",Nominated for 1 BAFTA Award6 wins & 2 nominations total,8.3,86294,tt0044741,60239,2149,0,96302
Lawrence of Arabia,1962-12-11,"Adventure, Biography, Drama",218,Approved,United Kingdom,"English, Arabic, Turkish",David Lean,"Robert Bolt, Michael Wilson","Peter O'Toole, Alec Guinness, Anthony Quinn",Won 7 Oscars. 31 wins & 14 nominations total,8.3,310602,tt0056172,15000000 ,45306425,45720631,20846
The Apartment,1960-06-29,"Comedy, Drama, Romance",125,Approved,United States,English,Billy Wilder,"Billy Wilder, I.A.L. Diamond","Jack Lemmon, Shirley MacLaine, Fred MacMurray",Won 5 Oscars. 24 wins & 8 nominations total,8.3,194583,tt0053604,3000000 ,18600000,0,18778738
Citizen Kane,1941-09-05,"Drama, Mystery",119,PG,United States,"English, Italian",Orson Welles,"Herman J. Mankiewicz, Orson Welles, John Houseman","Orson Welles, Joseph Cotten, Dorothy Comingore",Won 1 Oscar. 11 wins & 13 nominations total,8.3,462441,tt0033467,839727 ,1627530,0,1645944
North by Northwest,1959-12-18,"Action, Adventure, Mystery",136,Approved,United States,"English, French",Alfred Hitchcock,Ernest Lehman,"Cary Grant, Eva Marie Saint, James Mason",Nominated for 3 Oscars. 9 wins & 7 nominations total,8.3,343784,tt0053125,3101000 ,66728,0,144767
M,1931-08-31,"Crime, Mystery, Thriller",99,Passed,Germany,German,Fritz Lang,"Thea von Harbou, Fritz Lang, Egon Jacobsohn","Peter Lorre, Ellen Widmann, Inge Landgut",2 wins,8.3,166556,tt0022100,35566,6123,0,35566
Vertigo,1963-05-09,"Mystery, Romance, Thriller",128,PG,United States,English,Alfred Hitchcock,"Alec Coppel, Samuel A. Taylor, Pierre Boileau","James Stewart, Kim Novak, Barbara Bel Geddes",Nominated for 2 Oscars. 9 wins & 7 nominations total,8.3,422807,tt0052357,2479000 ,7705225,7798143,252880
Double Indemnity,1944-07-06,"Crime, Drama, Film-Noir",107,Passed,United States,English,Billy Wilder,"Billy Wilder, Raymond Chandler, James M. Cain","Fred MacMurray, Barbara Stanwyck, Edward G. Robinson",Nominated for 7 Oscars. 2 wins & 9 nominations total,8.3,165960,tt0036775,927262 ,14651,0,0
Scarface,1983-12-09,"Crime, Drama",170,18+,United States,"English, Spanish",Brian De Palma,"Oliver Stone, Howard Hawks, Ben Hecht","Al Pacino, Michelle Pfeiffer, Steven Bauer",8 nominations,8.3,905144,tt0086250,25000000 ,45967303,66443303,4597536
Incendies,2011-01-12,"Drama, Mystery, War",131,R,"Canada, France","French, Arabic, English",Denis Villeneuve,"Denis Villeneuve, Wajdi Mouawad, Valérie Beaugrand-Champagne","Lubna Azabal, Mélissa Désormeaux-Poulin, Maxim Gaudette",Nominated for 1 Oscar. 41 wins & 19 nominations total,8.3,194308,tt1255953,6800000 ,2071334,6797861,50679
Amélie,2002-02-08,"Comedy, Romance",122,R,"France, Germany","French, Russian, English",Jean-Pierre Jeunet,"Guillaume Laurant, Jean-Pierre Jeunet","Audrey Tautou, Mathieu Kassovitz, Rufus",Nominated for 5 Oscars. 59 wins & 74 nominations total,8.3,788783,tt0211915,10000000 ,33581249,174634081,136470
Full Metal Jacket,1987-07-10,"Drama, War",116,R,"United Kingdom, United States","English, Vietnamese",Stanley Kubrick,"Stanley Kubrick, Michael Herr, Gustav Hasford","Matthew Modine, R. Lee Ermey, Vincent D'Onofrio",Nominated for 1 Oscar. 8 wins & 15 nominations total,8.3,783231,tt0093058,30000000 ,46357676,46358827,2217307
A Clockwork Orange,1972-02-02,"Crime, Sci-Fi",136,X,"United Kingdom, United States",English,Stanley Kubrick,"Stanley Kubrick, Anthony Burgess","Malcolm McDowell, Patrick Magee, Michael Bates",Nominated for 4 Oscars. 12 wins & 26 nominations total,8.3,873639,tt0066921,2200000 ,26617553,0,26960374
Heat,1995-12-15,"Action, Crime, Drama",170,R,United States,"English, Spanish",Michael Mann,Michael Mann,"Al Pacino, Robert De Niro, Val Kilmer",15 nominations,8.3,711125,tt0113277,60000000 ,67436818,187436818,8445656
Up,2009-05-29,"Animation, Adventure, Comedy",96,PG,"United States, Japan","English, Ukrainian, Russian","Pete Docter, Bob Peterson","Pete Docter, Bob Peterson, Tom McCarthy","Edward Asner, Jordan Nagai, John Ratzenberger",Won 2 Oscars. 80 wins & 87 nominations total,8.3,1110727,tt1049413,175000000 ,293004164,735099102,68108790
To Kill a Mockingbird,1963-03-16,"Crime, Drama",129,Approved,United States,English,Robert Mulligan,"Harper Lee, Horton Foote","Gregory Peck, John Megna, Frank Overton",Won 3 Oscars. 14 wins & 16 nominations total,8.3,330159,tt0056592,2000000 ,592237,599146,357549
The Sting,1973-12-25,"Comedy, Crime, Drama",129,PG,United States,English,George Roy Hill,David S. Ward,"Paul Newman, Robert Redford, Robert Shaw",Won 7 Oscars. 18 wins & 6 nominations total,8.3,276825,tt0070735,5500000 ,156000000,0,156000000
A Separation,2011-03-16,Drama,123,PG-13,"Iran, France, Australia",Persian,Asghar Farhadi,Asghar Farhadi,"Payman Maadi, Leila Hatami, Sareh Bayat",Won 1 Oscar. 88 wins & 52 nominations total,8.3,256468,tt1832382,500000 ,7099055,22926076,59481
Indiana Jones and the Last Crusade,1989-05-24,"Action, Adventure",127,PG-13,United States,"English, German, Greek, Latin, Italian",Steven Spielberg,"Jeffrey Boam, George Lucas, Menno Meyjes","Harrison Ford, Sean Connery, Alison Doody",Won 1 Oscar. 9 wins & 24 nominations total,8.2,804557,tt0097576,48000000 ,197171806,474171806,29355021
Die Hard,1988-07-20,"Action, Thriller",132,R,United States,"English, German, Italian, Japanese",John McTiernan,"Roderick Thorp, Jeb Stuart, Steven E. de Souza","Bruce Willis, Alan Rickman, Bonnie Bedelia",Nominated for 4 Oscars. 8 wins & 8 nominations total,8.2,937469,tt0095016,28000000 ,85892546,143651650,601851
Hamilton,2020-07-03,"Biography, Drama, History",160,PG-13,United States,English,Thomas Kail,"Lin-Manuel Miranda, Ron Chernow","Lin-Manuel Miranda, Phillipa Soo, Leslie Odom Jr.",Won 2 Primetime Emmys. 19 wins & 46 nominations total,8.3,111078,tt8503618,0,0,0,0
Metropolis,1927-03-13,"Drama, Sci-Fi",153,Not Rated,Germany,"German, English",Fritz Lang,"Thea von Harbou, Fritz Lang","Brigitte Helm, Alfred Abel, Gustav Fröhlich",6 wins & 6 nominations,8.3,183670,tt0017136,1236166,19386,0,1349711
Like Stars on Earth,2007-12-21,"Drama, Family",162,PG,India,"Hindi, English","Aamir Khan, Amole Gupte",Amole Gupte,"Darsheel Safary, Aamir Khan, Tanay Chheda",27 wins & 18 nominations,8.3,204993,tt0986264,1223869,352568,0,21897373
Snatch,2001-01-19,"Comedy, Crime",102,R,"United Kingdom, United States","English, Russian",Guy Ritchie,Guy Ritchie,"Jason Statham, Brad Pitt, Stephen Graham",4 wins & 7 nominations,8.2,901342,tt0208092,30328156,27932,0,83557872
L.A. Confidential,1997-09-19,"Crime, Drama, Mystery",138,R,United States,English,Curtis Hanson,"James Ellroy, Brian Helgeland, Curtis Hanson","Kevin Spacey, Russell Crowe, Guy Pearce",Won 2 Oscars. 91 wins & 86 nominations total,8.2,613159,tt0119488,35000000 ,64616940,126216940,5211198
Bicycle Thieves,1949-12-13,Drama,89,Not Rated,Italy,"Italian, German",Vittorio De Sica,"Cesare Zavattini, Luigi Bartolini, Oreste Biancoli","Lamberto Maggiorani, Enzo Staiola, Lianella Carell",Nominated for 1 Oscar. 18 wins & 1 nomination total,8.3,173755,tt0040522,133000 ,371111,447459,25377
1917,2020-01-10,"Action, Drama, War",119,R,"United Kingdom, United States, India, Spain","English, French, German",Sam Mendes,"Sam Mendes, Krysty Wilson-Cairns","Dean-Charles Chapman, George MacKay, Daniel Mays",Won 3 Oscars. 135 wins & 207 nominations total,8.2,663422,tt8579674,95000000 ,159227644,384579982,576216
Taxi Driver,1976-02-09,"Crime, Drama",114,R,United States,"English, Spanish",Martin Scorsese,Paul Schrader,"Robert De Niro, Jodie Foster, Cybill Shepherd",Nominated for 4 Oscars. 22 wins & 21 nominations total,8.2,908308,tt0075314,1300000 ,28262574,28573323,116458
Downfall,2005-04-08,"Biography, Drama, History",156,R,"Germany, Austria, Italy","German, Russian, French, English",Oliver Hirschbiegel,"Bernd Eichinger, Joachim Fest, Traudl Junge","Bruno Ganz, Alexandra Maria Lara, Ulrich Matthes",Nominated for 1 Oscar. 22 wins & 34 nominations total,8.2,372477,tt0363163,5509040,18195,0,92181574
Dangal,2016-12-21,"Action, Biography, Drama",161,Not Rated,"India, United States","Hindi, English",Nitesh Tiwari,"Piyush Gupta, Shreyas Jain, Nikhil Mehrotra","Aamir Khan, Sakshi Tanwar, Fatima Sana Shaikh",41 wins & 37 nominations,8.3,208146,tt5074352,12391761,3248481,0,303723636
For a Few Dollars More,1967-05-10,"Drama, Western",132,R,"Italy, Spain, West Germany","Italian, English",Sergio Leone,"Sergio Leone, Fulvio Morsella, Luciano Vincenzoni","Clint Eastwood, Lee Van Cleef, Gian Maria Volontè",2 nominations,8.2,271749,tt0059578,600000 ,15000000,0,15000000
Batman Begins,2005-06-15,"Action, Crime, Drama",140,PG-13,"United States, United Kingdom","English, Mandarin",Christopher Nolan,"Bob Kane, David S. Goyer, Christopher Nolan","Christian Bale, Michael Caine, Ken Watanabe",Nominated for 1 Oscar. 14 wins & 79 nominations total,8.2,1559730,tt0372784,150000000 ,206863479,375298946,48745440
Some Like It Hot,1959-03-19,"Comedy, Music, Romance",121,Passed,United States,English,Billy Wilder,"Billy Wilder, I.A.L. Diamond, Robert Thoeren","Marilyn Monroe, Tony Curtis, Jack Lemmon",Won 1 Oscar. 11 wins & 13 nominations total,8.2,281336,tt0053291,2883848 ,195088,0,0
The Wolf of Wall Street,2013-12-25,"Biography, Comedy, Crime",180,R,United States,"English, French",Martin Scorsese,"Terence Winter, Jordan Belfort","Leonardo DiCaprio, Jonah Hill, Margot Robbie",Nominated for 5 Oscars. 37 wins & 179 nominations total,8.2,1557215,tt0993846,100000000 ,116900694,406878233,18361578
The Kid,1921-02-06,"Comedy, Drama, Family",68,Passed,United States,English,Charles Chaplin,Charles Chaplin,"Charles Chaplin, Edna Purviance, Jackie Coogan",2 wins,8.2,133436,tt0012349,250000 ,41960,0,0
Green Book,2018-11-16,"Biography, Comedy, Drama",130,PG-13,"United States, China","English, Italian, Russian, German",Peter Farrelly,"Nick Vallelonga, Brian Hayes Currie, Peter Farrelly","Viggo Mortensen, Mahershala Ali, Linda Cardellini",Won 3 Oscars. 58 wins & 123 nominations total,8.2,555096,tt6966692,23000000 ,85080171,321752656,320429
The Father,2021-02-26,"Drama, Mystery",97,PG-13,"United Kingdom, France, United States",English,Florian Zeller,"Christopher Hampton, Florian Zeller","Anthony Hopkins, Olivia Colman, Mark Gatiss",Won 2 Oscars. 37 wins & 168 nominations total,8.2,187594,tt10272386,6000000 ,2122771,0,24043318
Top Gun: Maverick,2022-05-27,"Action, Drama",130,PG-13,United States,English,Joseph Kosinski,"Jim Cash, Jack Epps Jr., Peter Craig","Tom Cruise, Jennifer Connelly, Miles Teller",Won 1 Oscar. 102 wins & 229 nominations total,8.3,672058,tt1745960,170000000 ,718732821,1495696292,126707459
Judgment at Nuremberg,1961-12-18,"Drama, War",179,Approved,United States,"English, German",Stanley Kramer,"Abby Mann, Montgomery Clift","Spencer Tracy, Burt Lancaster, Richard Widmark",Won 2 Oscars. 16 wins & 26 nominations total,8.3,84060,tt0055031,3000000 ,12180,0,0
All About Eve,1950-10-27,Drama,138,Passed,United States,"English, French",Joseph L. Mankiewicz,"Joseph L. Mankiewicz, Mary Orr","Bette Davis, Anne Baxter, George Sanders",Won 6 Oscars. 27 wins & 20 nominations total,8.2,137565,tt0042192,1400000 ,63463,151052,10177
The Truman Show,1998-06-05,"Comedy, Drama",103,PG,United States,English,Peter Weir,Andrew Niccol,"Jim Carrey, Ed Harris, Laura Linney",Nominated for 3 Oscars. 40 wins & 69 nominations total,8.2,1178891,tt0120382,60000000 ,125618201,264118712,31542121
There Will Be Blood,2008-01-25,Drama,158,R,United States,"English, American Sign ",Paul Thomas Anderson,"Paul Thomas Anderson, Upton Sinclair","Daniel Day-Lewis, Paul Dano, Ciarán Hinds",Won 2 Oscars. 114 wins & 138 nominations total,8.2,635381,tt0469494,25000000 ,40222514,76182388,190739
Shutter Island,2010-02-19,"Mystery, Thriller",138,R,United States,"English, German",Martin Scorsese,"Laeta Kalogridis, Dennis Lehane","Leonardo DiCaprio, Emily Mortimer, Mark Ruffalo",11 wins & 66 nominations,8.2,1431168,tt1130884,80000000 ,128012934,294805697,41062440
Casino,1995-11-22,"Crime, Drama",178,R,"United States, France",English,Martin Scorsese,"Nicholas Pileggi, Martin Scorsese","Robert De Niro, Sharon Stone, Joe Pesci",Nominated for 1 Oscar. 4 wins & 11 nominations total,8.2,557862,tt0112641,52000000 ,42512375,116112375,9946480
Ran,1985-06-01,"Action, Drama, War",160,R,"Japan, France",Japanese,Akira Kurosawa,"Akira Kurosawa, Hideo Oguni, Masato Ide","Tatsuya Nakadai, Akira Terao, Jinpachi Nezu",Won 1 Oscar. 30 wins & 23 nominations total,8.2,134571,tt0089881,11500000 ,4135750,4164283,3567
Jurassic Park,1993-06-11,"Action, Adventure, Sci-Fi",127,PG-13,United States,"English, Spanish",Steven Spielberg,"Michael Crichton, David Koepp","Sam Neill, Laura Dern, Jeff Goldblum",Won 3 Oscars. 44 wins & 27 nominations total,8.2,1055630,tt0107290,63000000 ,407185075,1114429886,47026828
The Sixth Sense,1999-08-06,"Drama, Mystery, Thriller",107,PG-13,United States,"English, Latin, Spanish",M. Night Shyamalan,M. Night Shyamalan,"Bruce Willis, Haley Joel Osment, Toni Collette",Nominated for 6 Oscars. 37 wins & 56 nominations total,8.2,1041928,tt0167404,40000000 ,293506292,672806432,26681262
Pan's Labyrinth,2007-01-19,"Drama, Fantasy, War",118,R,"Mexico, Spain",Spanish,Guillermo del Toro,Guillermo del Toro,"Ivana Baquero, Ariadna Gil, Sergi López",Won 3 Oscars. 109 wins & 115 nominations total,8.2,697582,tt0457430,19000000 ,37646380,83862032,568641
Unforgiven,1992-08-07,"Drama, Western",130,R,United States,English,Clint Eastwood,David Webb Peoples,"Clint Eastwood, Gene Hackman, Morgan Freeman",Won 4 Oscars. 51 wins & 47 nominations total,8.2,432393,tt0105695,14400000 ,101167799,159167799,15018007
A Beautiful Mind,2002-01-04,"Biography, Drama, Mystery",135,PG-13,United States,English,Ron Howard,"Akiva Goldsman, Sylvia Nasar","Russell Crowe, Ed Harris, Jennifer Connelly",Won 4 Oscars. 37 wins & 69 nominations total,8.2,977207,tt0268978,58000000 ,170742341,316791257,367151
No Country for Old Men,2007-11-21,"Crime, Drama, Thriller",122,R,United States,"English, Spanish","Ethan Coen, Joel Coen","Joel Coen, Ethan Coen, Cormac McCarthy","Tommy Lee Jones, Javier Bardem, Josh Brolin",Won 4 Oscars. 164 wins & 139 nominations total,8.2,1045552,tt0477348,25000000 ,74283625,171627740,1202000
The Treasure of the Sierra Madre,1948-01-24,"Adventure, Drama, Western",126,Passed,United States,"English, Spanish",John Huston,"John Huston, B. Traven","Humphrey Bogart, Walter Huston, Tim Holt",Won 3 Oscars. 15 wins & 5 nominations total,8.2,131458,tt0040897,3000000 ,5014000,5014000,144074
The Thing,1982-06-25,"Horror, Mystery, Sci-Fi",109,R,"United States, Canada","English, Norwegian",John Carpenter,"Bill Lancaster, John W. Campbell Jr.","Kurt Russell, Wilford Brimley, Keith David",5 nominations,8.2,461608,tt0084787,15000000 ,19857465,19862346,3107897
Yojimbo,1961-09-13,"Action, Drama, Thriller",110,Not Rated,Japan,Japanese,Akira Kurosawa,"Akira Kurosawa, Ryûzô Kikushima","Toshirô Mifune, Eijirô Tôno, Tatsuya Nakadai",Nominated for 1 Oscar. 4 wins & 2 nominations total,8.2,130004,tt0055630,46808,15942,0,46808
Kill Bill: Vol. 1,2003-10-10,"Action, Crime, Thriller",111,R,United States,"English, Japanese, French",Quentin Tarantino,"Quentin Tarantino, Uma Thurman","Uma Thurman, David Carradine, Daryl Hannah",Nominated for 5 BAFTA 30 wins & 103 nominations total,8.2,1177863,tt0266697,30000000 ,70099045,180906076,22200000
Monty Python and the Holy Grail,1975-05-25,"Adventure, Comedy, Fantasy",91,PG,United Kingdom,"English, French, Latin, Swedish","Terry Gilliam, Terry Jones","Graham Chapman, John Cleese, Eric Idle","Graham Chapman, John Cleese, Eric Idle",2 wins & 2 nominations,8.2,566269,tt0071853,2562392,45487,0,2675602
The Great Escape,1963-07-04,"Adventure, Drama, History",172,Approved,United States,"English, German, French, Russian, Spanish",John Sturges,"Paul Brickhill, James Clavell, W.R. Burnett","Steve McQueen, James Garner, Richard Attenborough",Nominated for 1 Oscar. 3 wins & 11 nominations total,8.2,256597,tt0057115,4000000 ,228178,0,0
Finding Nemo,2003-05-30,"Animation, Adventure, Comedy",100,G,"United States, Japan","English, Japanese, Russian","Andrew Stanton, Lee Unkrich","Andrew Stanton, Bob Peterson, David Reynolds","Albert Brooks, Ellen DeGeneres, Alexander Gould",Won 1 Oscar. 49 wins & 63 nominations total,8.2,1102112,tt0266543,94000000 ,380843261,941637960,70251710
Rashomon,1951-12-26,"Crime, Drama, Mystery",88,Not Rated,Japan,Japanese,Akira Kurosawa,"Ryûnosuke Akutagawa, Akira Kurosawa, Shinobu Hashimoto","Toshirô Mifune, Machiko Kyô, Masayuki Mori",Nominated for 1 Oscar. 9 wins & 5 nominations total,8.2,178260,tt0042876,250000 ,46808,117678,15942
The Elephant Man,1980-10-10,"Biography, Drama",124,PG,"United States, United Kingdom","English, French",David Lynch,"Christopher De Vore, Eric Bergren, David Lynch","Anthony Hopkins, John Hurt, Anne Bancroft",Nominated for 8 Oscars. 11 wins & 22 nominations total,8.2,256441,tt0080678,5000000 ,26010864,0,26023860
Howl's Moving Castle,2005-06-17,"Animation, Adventure, Family",119,PG,Japan,Japanese,Hayao Miyazaki,"Hayao Miyazaki, Diana Wynne Jones","Chieko Baishô, Takuya Kimura, Tatsuya Gashûin",Nominated for 1 Oscar. 14 wins & 20 nominations total,8.2,440807,tt0347149,24000000 ,6789268,237543523,427987
Prisoners,2013-09-20,"Crime, Drama, Mystery",153,R,United States,English,Denis Villeneuve,Aaron Guzikowski,"Hugh Jackman, Jake Gyllenhaal, Viola Davis",Nominated for 1 Oscar. 10 wins & 38 nominations total,8.1,795177,tt1392214,46000000 ,61002302,122126687,20817053
Chinatown,1974-06-20,"Drama, Mystery, Thriller",130,R,United States,"English, Cantonese, Spanish",Roman Polanski,"Robert Towne, Roman Polanski","Jack Nicholson, Faye Dunaway, John Huston",Won 1 Oscar. 21 wins & 24 nominations total,8.1,346296,tt0071315,6000000 ,29200000,0,29226502
Dial M for Murder,1954-05-29,"Crime, Thriller",105,PG,United States,English,Alfred Hitchcock,Frederick Knott,"Ray Milland, Grace Kelly, Robert Cummings",Nominated for 1 BAFTA Award5 wins & 3 nominations total,8.2,187104,tt0046912,1400000 ,24845,42915,12562
Gone with the Wind,1940-01-17,"Drama, Romance, War",238,Passed,United States,English,"Victor Fleming, George Cukor, Sam Wood","Margaret Mitchell, Sidney Howard, Oliver H.P. Garrett","Clark Gable, Vivien Leigh, Thomas Mitchell",Won 8 Oscars. 21 wins & 9 nominations total,8.2,331490,tt0031381,3977000 ,200882193,402382193,1192593
V for Vendetta,2006-03-17,"Action, Drama, Sci-Fi",132,R,"United States, United Kingdom, Germany","English, French, Latin, Spanish",James McTeigue,"Lilly Wachowski, Lana Wachowski, David Lloyd","Hugo Weaving, Natalie Portman, Rupert Graves",7 wins & 29 nominations,8.2,1169802,tt0434409,54000000 ,70511035,134686457,25642340
"Lock, Stock and Two Smoking Barrels",1998-08-28,"Action, Comedy, Crime",107,R,United Kingdom,English,Guy Ritchie,Guy Ritchie,"Jason Flemyng, Dexter Fletcher, Nick Moran",Won 1 BAFTA Award13 wins & 9 nominations total,8.1,611388,tt0120735,3753929,143321,0,3753929
The Secret in Their Eyes,2010-05-21,"Drama, Mystery, Romance",129,R,"Argentina, Spain",Spanish,Juan José Campanella,"Eduardo Sacheri, Juan José Campanella","Ricardo Darín, Soledad Villamil, Pablo Rago",Won 1 Oscar. 53 wins & 43 nominations total,8.2,220130,tt1305806,2000000 ,6391436,35079650,167866
Raging Bull,1980-12-19,"Biography, Drama, Sport",129,R,United States,English,Martin Scorsese,"Jake LaMotta, Joseph Carter, Peter Savage","Robert De Niro, Cathy Moriarty, Joe Pesci",Won 2 Oscars. 24 wins & 28 nominations total,8.1,375953,tt0081398,18000000 ,23383987,23404827,128590
Inside Out,2015-06-19,"Animation, Adventure, Comedy",95,PG,"United States, Japan","English, Portuguese, Latvian, Russian, Ukrainian","Pete Docter, Ronnie Del Carmen","Pete Docter, Ronnie Del Carmen, Meg LeFauve","Amy Poehler, Bill Hader, Lewis Black",Won 1 Oscar. 99 wins & 118 nominations total,8.1,774223,tt2096673,175000000 ,356921711,858848019,90440272
"Three Billboards Outside Ebbing, Missouri",2017-12-01,"Comedy, Crime, Drama",115,R,"United Kingdom, United States",English,Martin McDonagh,Martin McDonagh,"Frances McDormand, Woody Harrelson, Sam Rockwell",Won 2 Oscars. 132 wins & 233 nominations total,8.1,546966,tt5027774,15000000 ,54513740,162729321,322168
Trainspotting,1996-08-09,Drama,93,R,"United Kingdom, United States",English,Danny Boyle,"Irvine Welsh, John Hodge","Ewan McGregor, Ewen Bremner, Jonny Lee Miller",Nominated for 1 Oscar. 23 wins & 35 nominations total,8.1,720219,tt0117951,16491080,262673,0,16767475
The Bridge on the River Kwai,1957-12-14,"Adventure, Drama, War",161,PG,"United Kingdom, United States","English, Japanese, Thai",David Lean,"Pierre Boulle, Carl Foreman, Michael Wilson","William Holden, Alec Guinness, Jack Hawkins",Won 7 Oscars. 30 wins & 7 nominations total,8.1,231414,tt0050212,3000000 ,27200000,0,27200000
Spider-Man: No Way Home,2021-12-17,"Action, Adventure, Fantasy",148,PG-13,United States,English,Jon Watts,"Chris McKenna, Erik Sommers, Stan Lee","Tom Holland, Zendaya, Benedict Cumberbatch",Nominated for 1 Oscar. 35 wins & 71 nominations total,8.2,861844,tt10872600,200000000 ,814115070,1921847111,260138569
Fargo,1996-04-05,"Crime, Thriller",98,R,"United States, United Kingdom",English,"Joel Coen, Ethan Coen","Ethan Coen, Joel Coen","William H. Macy, Frances McDormand, Steve Buscemi",Won 2 Oscars. 83 wins & 58 nominations total,8.1,718480,tt0116282,7000000 ,24611975,60611975,730265
Warrior,2011-09-09,"Action, Drama, Sport",140,PG-13,United States,"English, Spanish",Gavin O'Connor,"Gavin O'Connor, Anthony Tambakis, Cliff Dorfman","Tom Hardy, Nick Nolte, Joel Edgerton",Nominated for 1 Oscar. 5 wins & 22 nominations total,8.1,494388,tt1291584,0,0,0,0
Klaus,2019-11-15,"Animation, Adventure, Comedy",96,PG,"Spain, United Kingdom, United States","English, Saami","Sergio Pablos, Carlos Martínez López","Sergio Pablos, Jim Mahoney, Zach Lewis","Jason Schwartzman, J.K. Simmons, Rashida Jones",Nominated for 1 Oscar. 11 wins & 26 nominations total,8.2,186197,tt4729430,40000000 ,0,0,0
Godzilla Minus One,2023-12-01,"Action, Adventure, Drama",124,PG-13,Japan,Japanese,Takashi Yamazaki,"Ishirô Honda, Takeo Murata, Takashi Yamazaki","Minami Hamabe, Ryunosuke Kamiki, Sakura Ando",Nominated for 1 Oscar. 20 wins & 49 nominations total,8.3,42785,tt23289160,15000000 ,56418793,106722608,11419975
Catch Me If You Can,2002-12-25,"Biography, Crime, Drama",141,PG-13,"United States, Canada","English, French",Steven Spielberg,"Frank Abagnale Jr., Stan Redding, Jeff Nathanson","Leonardo DiCaprio, Tom Hanks, Christopher Walken",Nominated for 2 Oscars. 16 wins & 46 nominations total,8.1,1081226,tt0264464,52000000 ,164615351,352114312,30053627
Gran Torino,2009-01-09,Drama,116,R,"Germany, United States","English, Hmong",Clint Eastwood,"Nick Schenk, Dave Johannson","Clint Eastwood, Bee Vang, Christopher Carley",21 wins & 22 nominations,8.1,809626,tt1205489,33000000 ,148095302,269958228,271720
My Neighbor Totoro,1990-07-13,"Animation, Comedy, Family",86,G,Japan,Japanese,Hayao Miyazaki,Hayao Miyazaki,"Hitoshi Takagi, Noriko Hidaka, Chika Sakamoto",5 wins & 2 nominations,8.1,373967,tt0096283,3700000 ,2250213,30691725,539245
Million Dollar Baby,2005-01-28,"Drama, Sport",132,PG-13,United States,"English, Irish Gaelic",Clint Eastwood,"Paul Haggis, F.X. Toole","Hilary Swank, Clint Eastwood, Morgan Freeman",Won 4 Oscars. 68 wins & 86 nominations total,8.1,716268,tt0405159,30000000 ,100492203,216763646,179953
Harry Potter and the Deathly Hallows: Part 2,2011-07-15,"Adventure, Family, Fantasy",130,PG-13,"United Kingdom, United States","English, Latin",David Yates,"Steve Kloves, J.K. Rowling","Daniel Radcliffe, Emma Watson, Rupert Grint",Nominated for 3 Oscars. 48 wins & 95 nominations total,8.1,937565,tt1201607,125000000 ,381447587,1356841356,169189427
Children of Heaven,1999-01-22,"Drama, Family, Sport",89,PG,Iran,Persian,Majid Majidi,Majid Majidi,"Mohammad Amir Naji, Amir Farrokh Hashemian, Bahare Seddiqi",Nominated for 1 Oscar. 13 wins & 5 nominations total,8.2,79867,tt0118849,180000 ,933933,933933,20100
12 Years a Slave,2013-11-08,"Biography, Drama, History",134,R,"United Kingdom, United States",English,Steve McQueen,"John Ridley, Solomon Northup","Chiwetel Ejiofor, Michael Kenneth Williams, Michael Fassbender",Won 3 Oscars. 243 wins & 337 nominations total,8.1,735458,tt2024544,20000000 ,56671993,187733202,923715
Blade Runner,1982-06-25,"Action, Drama, Sci-Fi",117,R,"United States, United Kingdom","English, German, Cantonese, Japanese, Hungarian, Arabic, Korean",Ridley Scott,"Hampton Fancher, David Webb Peoples, Philip K. Dick","Harrison Ford, Rutger Hauer, Sean Young",Nominated for 2 Oscars. 13 wins & 22 nominations total,8.1,814563,tt0083658,28000000 ,32914489,41713516,6150002
Before Sunrise,1995-01-27,"Drama, Romance",101,R,"United States, Austria","English, German, French",Richard Linklater,"Richard Linklater, Kim Krizan","Ethan Hawke, Julie Delpy, Andrea Eckert",1 win & 7 nominations,8.1,335257,tt0112471,2500000 ,5535405,5987386,1423537
The Grand Budapest Hotel,2014-03-28,"Adventure, Comedy, Crime",99,R,"United Kingdom, Germany, United States","English, French, German",Wes Anderson,"Stefan Zweig, Wes Anderson, Hugo Guinness","Ralph Fiennes, F. Murray Abraham, Mathieu Amalric",Won 4 Oscars. 135 wins & 226 nominations total,8.1,878311,tt2278388,25000000 ,59301324,174563280,811166
Ben-Hur,1959-11-18,"Adventure, Drama",212,G,United States,English,William Wyler,"Lew Wallace, Karl Tunberg, Gore Vidal","Charlton Heston, Jack Hawkins, Stephen Boyd",Won 11 Oscars. 29 wins & 13 nominations total,8.1,251446,tt0052618,15000000 ,74432704,74437720,241792
Barry Lyndon,1975-12-18,"Adventure, Drama, War",185,PG,"United Kingdom, United States","English, German, French",Stanley Kubrick,"Stanley Kubrick, William Makepeace Thackeray","Ryan O'Neal, Marisa Berenson, Patrick Magee",Won 4 Oscars. 17 wins & 14 nominations total,8.1,181354,tt0072684,11000000 ,245878,0,0
Gone Girl,2014-10-03,"Drama, Mystery, Thriller",149,R,United States,English,David Fincher,Gillian Flynn,"Ben Affleck, Rosamund Pike, Neil Patrick Harris",Nominated for 1 Oscar. 64 wins & 188 nominations total,8.1,1054600,tt2267998,61000000 ,167767189,369330363,37513109
The Gold Rush,1925-07-13,"Adventure, Comedy, Drama",95,Passed,United States,"None, English",Charles Chaplin,Charles Chaplin,"Charles Chaplin, Mack Swain, Tom Murray",Nominated for 2 Oscars. 3 wins & 3 nominations total,8.1,117657,tt0015864,923000 ,29328,0,0
Hacksaw Ridge,2016-11-04,"Biography, Drama, History",139,R,"Australia, United States, United Kingdom, China","English, Japanese",Mel Gibson,"Robert Schenkkan, Andrew Knight","Andrew Garfield, Sam Worthington, Luke Bracey",Won 2 Oscars. 56 wins & 115 nominations total,8.1,585918,tt2119532,40000000 ,67209615,180563636,15190758
In the Name of the Father,1994-02-25,"Biography, Crime, Drama",133,R,"Ireland, United Kingdom",English,Jim Sheridan,"Gerry Conlon, Terry George, Jim Sheridan","Daniel Day-Lewis, Pete Postlethwaite, Alison Crosbie",Nominated for 7 Oscars. 7 wins & 41 nominations total,8.1,185546,tt0107207,13000000 ,25096862,65796862,109805
Memories of Murder,2003-05-02,"Crime, Drama, Mystery",132,Not Rated,South Korea,"Korean, English",Bong Joon Ho,"Bong Joon Ho, Kwang-rim Kim, Sung-bo Shim","Song Kang-ho, Kim Sang-kyung, Kim Roe-ha",33 wins & 10 nominations,8.1,211657,tt0353969,2800000 ,15357,1204841,4487
On the Waterfront,1954-06-22,"Crime, Drama, Thriller",108,Approved,United States,"English, Latin",Elia Kazan,"Budd Schulberg, Malcolm Johnson, Robert Siodmak","Marlon Brando, Karl Malden, Lee J. Cobb",Won 8 Oscars. 30 wins & 10 nominations total,8.1,162955,tt0047296,910000 ,0,0,0
Dead Poets Society,1989-06-09,"Comedy, Drama",128,PG,United States,"English, Latin",Peter Weir,Tom Schulman,"Robin Williams, Robert Sean Leonard, Ethan Hawke",Won 1 Oscar. 20 wins & 19 nominations total,8.1,537495,tt0097165,16400000 ,95860116,235860116,340456
The General,1927-01-02,"Action, Adventure, Comedy",78,Passed,United States,None,"Clyde Bruckman, Buster Keaton","Buster Keaton, Clyde Bruckman, Al Boasberg","Buster Keaton, Marion Mack, Glen Cavender",2 wins & 1 nomination,8.1,97011,tt0017925,750000 ,0,0,0
The Deer Hunter,1979-02-23,"Drama, War",183,R,"United States, United Kingdom","English, Vietnamese, French, Russian, Cantonese",Michael Cimino,"Michael Cimino, Deric Washburn, Louis Garfinkle","Robert De Niro, Christopher Walken, John Cazale",Won 5 Oscars. 24 wins & 27 nominations total,8.1,358927,tt0077416,15000000 ,48979328,0,49074379
Wild Tales,2014-08-21,"Comedy, Drama, Thriller",122,R,"Argentina, Spain, France, United Kingdom",Spanish,Damián Szifron,"Julian Loyola, Damián Szifron, Germán Servidio","Darío Grandinetti, María Marull, Mónica Villa",Nominated for 1 Oscar. 49 wins & 58 nominations total,8.1,213769,tt3011894,3300000 ,3106530,31478893,85100
Mad Max: Fury Road,2015-05-15,"Action, Adventure, Sci-Fi",120,R,Australia,"English, Russian",George Miller,"George Miller, Brendan McCarthy, Nick Lathouris","Tom Hardy, Charlize Theron, Nicholas Hoult",Won 6 Oscars. 245 wins & 233 nominations total,8.1,1072041,tt1392190,150000000 ,154280290,380418444,45428128
"Monsters, Inc.",2001-11-23,"Animation, Adventure, Comedy",92,G,United States,English,"Pete Docter, David Silverman, Lee Unkrich","Pete Docter, Jill Culton, Jeff Pidgeon","Billy Crystal, John Goodman, Mary Gibbs",Won 1 Oscar. 15 wins & 38 nominations total,8.1,967040,tt0198781,115000000 ,290642256,579707738,62577067
Sherlock Jr.,1924-05-11,"Action, Comedy, Romance",45,Passed,United States,"None, English",Buster Keaton,"Jean C. Havez, Joseph A. Mitchell, Clyde Bruckman","Buster Keaton, Kathryn McGuire, Joe Keaton",2 wins,8.2,55758,tt0015324,977375,0,0,0
Wild Strawberries,1959-06-22,"Drama, Romance",91,Not Rated,Sweden,"Swedish, Latin",Ingmar Bergman,Ingmar Bergman,"Victor Sjöström, Bibi Andersson, Ingrid Thulin",Nominated for 1 Oscar. 16 wins & 4 nominations total,8.1,113656,tt0050986,60418,0,0,0
The Third Man,1950-02-01,"Film-Noir, Mystery, Thriller",93,Approved,United Kingdom,"English, German, Russian, French",Carol Reed,"Graham Greene, Orson Welles, Alexander Korda","Orson Welles, Joseph Cotten, Alida Valli",Won 1 Oscar. 5 wins & 4 nominations total,8.1,179904,tt0041959,1067364,13576,0,1226507
The Wages of Fear,1955-02-16,"Adventure, Drama, Thriller",131,Not Rated,"France, Italy","French, English, Spanish, German, Italian, Russian",Henri-Georges Clouzot,"Georges Arnaud, Henri-Georges Clouzot, Jérôme Géronimi","Yves Montand, Charles Vanel, Peter van Eyck",Won 1 BAFTA Award7 wins & 1 nomination total,8.2,65566,tt0046268,1098,0,0,0
Jaws,1975-06-20,"Adventure, Mystery, Thriller",124,PG,United States,English,Steven Spielberg,"Peter Benchley, Carl Gottlieb","Roy Scheider, Robert Shaw, Richard Dreyfuss",Won 3 Oscars. 15 wins & 20 nominations total,8.1,652747,tt0073195,7000000 ,266567580,477220580,7061513
How to Train Your Dragon,2010-03-26,"Animation, Action, Adventure",98,PG,"United States, France",English,"Dean DeBlois, Chris Sanders","William Davies, Dean DeBlois, Chris Sanders","Jay Baruchel, Gerard Butler, Christopher Mintz-Plasse",Nominated for 2 Oscars. 25 wins & 63 nominations total,8.1,791280,tt0892769,165000000 ,217581231,494879471,43732319
Mary and Max,2009-04-09,"Animation, Comedy, Drama",92,Not Rated,Australia,"English, Yiddish",Adam Elliot,Adam Elliot,"Toni Collette, Philip Seymour Hoffman, Eric Bana",6 wins & 9 nominations,8.1,185214,tt0978762,A8240000 ,1740429,0,0
Mr. Smith Goes to Washington,1939-10-19,"Comedy, Drama",129,Passed,United States,English,Frank Capra,"Sidney Buchman, Lewis R. Foster, Myles Connolly","James Stewart, Jean Arthur, Claude Rains",Won 1 Oscar. 5 wins & 12 nominations total,8.1,120618,tt0031679,1900000 ,144738,144738,83205
Ford v Ferrari,2019-11-15,"Action, Biography, Drama",152,PG-13,United States,"English, Italian, French, Japanese",James Mangold,"Jez Butterworth, John-Henry Butterworth, Jason Keller","Matt Damon, Christian Bale, Jon Bernthal",Won 2 Oscars. 26 wins & 88 nominations total,8.1,456136,tt1950186,97600000 ,117624357,225508210,31474958
Ratatouille,2007-06-27,"Animation, Adventure, Comedy",111,G,United States,"English, Russian, French","Brad Bird, Jan Pinkava","Brad Bird, Jan Pinkava, Jim Capobianco","Brad Garrett, Lou Romano, Patton Oswalt",Won 1 Oscar. 68 wins & 42 nominations total,8.1,810997,tt0382932,150000000 ,206445654,623726085,47027395
The Seventh Seal,1958-10-13,"Drama, Fantasy",96,Not Rated,Sweden,"Swedish, Latin",Ingmar Bergman,Ingmar Bergman,"Max von Sydow, Gunnar Björnstrand, Bengt Ekerot",9 wins & 2 nominations,8.1,196557,tt0050976,150000 ,311212,0,0
Room,2016-01-22,"Drama, Thriller",118,R,"Ireland, Canada, United Kingdom, United States",English,Lenny Abrahamson,Emma Donoghue,"Brie Larson, Jacob Tremblay, Sean Bridgers",Won 1 Oscar. 108 wins & 141 nominations total,8.1,445569,tt3170832,13000000 ,14677654,35401758,118298
The Big Lebowski,1998-03-06,"Comedy, Crime",117,R,"United States, United Kingdom","English, German, Hebrew, Spanish","Joel Coen, Ethan Coen","Ethan Coen, Joel Coen","Jeff Bridges, John Goodman, Julianne Moore",5 wins & 18 nominations,8.1,852840,tt0118715,15000000 ,19301403,48057425,5533844
Tokyo Story,1972-03-13,Drama,136,Not Rated,Japan,"Japanese, English",Yasujirô Ozu,"Kôgo Noda, Yasujirô Ozu","Chishû Ryû, Chieko Higashiyama, Sô Yamamura",3 wins,8.1,67651,tt0046438,84425,0,0,0
Rocky,1976-12-03,"Drama, Sport",120,PG,United States,English,John G. Avildsen,Sylvester Stallone,"Sylvester Stallone, Talia Shire, Burt Young",Won 3 Oscars. 21 wins & 23 nominations total,8.1,621719,tt0075148,960000 ,117235147,0,117250587
Logan,2017-03-03,"Action, Drama, Sci-Fi",137,R,United States,"English, Spanish",James Mangold,"James Mangold, Scott Frank, Michael Green","Hugh Jackman, Patrick Stewart, Dafne Keen",Nominated for 1 Oscar. 28 wins & 82 nominations total,8.1,820479,tt3315342,97000000 ,226277068,619179950,88411916
Spotlight,2015-11-20,"Biography, Crime, Drama",129,R,United States,English,Tom McCarthy,"Josh Singer, Tom McCarthy","Mark Ruffalo, Michael Keaton, Rachel McAdams",Won 2 Oscars. 124 wins & 144 nominations total,8.1,497265,tt1895587,20000000 ,45055776,98690254,295009
Hotel Rwanda,2005-02-04,"Biography, Drama, History",121,PG-13,"United Kingdom, South Africa, Italy, United States","English, French, Kinyarwanda",Terry George,"Keir Pearson, Terry George","Don Cheadle, Sophie Okonedo, Joaquin Phoenix",Nominated for 3 Oscars. 16 wins & 49 nominations total,8.1,369825,tt0395169,17500000 ,23530892,33882243,100091
Platoon,1987-02-06,"Drama, War",120,R,"United States, United Kingdom","English, Vietnamese",Oliver Stone,Oliver Stone,"Charlie Sheen, Tom Berenger, Willem Dafoe",Won 4 Oscars. 24 wins & 16 nominations total,8.1,435565,tt0091763,6000000 ,138530565,138545632,241080
The Terminator,1984-10-26,"Action, Sci-Fi",107,R,"United Kingdom, United States","English, Spanish",James Cameron,"James Cameron, Gale Anne Hurd, William Wisher","Arnold Schwarzenegger, Linda Hamilton, Michael Biehn",8 wins & 7 nominations,8.1,915854,tt0088247,6400000 ,38371200,78371200,4020663
The Passion of Joan of Arc,1928-10-25,"Biography, Drama, History",114,Passed,France,"None, French",Carl Theodor Dreyer,"Joseph Delteil, Carl Theodor Dreyer","Maria Falconetti, Eugene Silvain, André Berley",4 wins & 1 nomination,8.1,59904,tt0019254,21877,6408,0,21877
Before Sunset,2004-07-30,"Drama, Romance",80,R,"France, United States","English, French",Richard Linklater,"Richard Linklater, Julie Delpy, Ethan Hawke","Ethan Hawke, Julie Delpy, Vernon Dobtcheff",Nominated for 1 Oscar. 9 wins & 32 nominations total,8.1,284687,tt0381681,2700000 ,5820649,15849759,219425
Jai Bhim,2021-11-02,"Crime, Drama, Mystery",164,TV-MA,"India, United States",Tamil,T.J. Gnanavel,"T.J. Gnanavel, Rajendra Sapre","Suriya, Lijo Mol Jose, Manikandan K.",10 wins & 20 nominations,8.7,215114,tt15097216,0,0,0,0
The Best Years of Our Lives,1947-05-29,"Drama, Romance, War",170,Approved,United States,English,William Wyler,"Robert E. Sherwood, MacKinlay Kantor","Myrna Loy, Dana Andrews, Fredric March",Won 7 Oscars. 21 wins & 3 nominations total,8.1,69721,tt0036868,2100000 ,23650000,0,23661347
La haine,1996-02-23,"Crime, Drama",98,Not Rated,France,French,Mathieu Kassovitz,Mathieu Kassovitz,"Vincent Cassel, Hubert Koundé, Saïd Taghmaoui",8 wins & 15 nominations,8.1,193266,tt0113247,280859,412914,0,0
The Exorcist,1973-12-26,Horror,122,R,United States,"English, Latin, Greek, French, German, Arabic, Kurdish",William Friedkin,William Peter Blatty,"Ellen Burstyn, Max von Sydow, Linda Blair",Won 2 Oscars. 18 wins & 20 nominations total,8.1,449702,tt0070047,11000000 ,233005644,441306145,8175666
Rush,2013-09-27,"Action, Biography, Drama",123,R,"United Kingdom, United States","English, German, Italian, French, Spanish",Ron Howard,Peter Morgan,"Daniel Brühl, Chris Hemsworth, Olivia Wilde",Won 1 BAFTA Award6 wins & 65 nominations total,8.1,508716,tt1979320,38000000 ,26947624,96983009,187289
Network,1976-11-27,Drama,121,R,United States,English,Sidney Lumet,Paddy Chayefsky,"Faye Dunaway, William Holden, Peter Finch",Won 4 Oscars. 20 wins & 27 nominations total,8.1,168392,tt0074958,3800000 ,23689877,0,23690757
Pirates of the Caribbean: The Curse of the Black Pearl,2003-07-09,"Action, Adventure, Fantasy",143,PG-13,United States,English,Gore Verbinski,"Ted Elliott, Terry Rossio, Stuart Beattie","Johnny Depp, Geoffrey Rush, Orlando Bloom",Nominated for 5 Oscars. 38 wins & 104 nominations total,8.1,1199036,tt0325980,140000000 ,305413918,654264015,46630690
Stand by Me,1986-08-22,"Adventure, Comedy, Drama",89,R,United States,English,Rob Reiner,"Stephen King, Raynold Gideon, Bruce A. Evans","Wil Wheaton, River Phoenix, Corey Feldman",Nominated for 1 Oscar. 6 wins & 12 nominations total,8.1,436516,tt0092005,8000000 ,52287414,52287414,242795
The Wizard of Oz,1939-08-25,"Adventure, Family, Fantasy",102,G,United States,English,"Victor Fleming, King Vidor","Noel Langley, Florence Ryerson, Edgar Allan Woolf","Judy Garland, Frank Morgan, Ray Bolger",Won 2 Oscars. 13 wins & 14 nominations total,8.1,424271,tt0032138,2777000 ,24668669,25637669,5354311
The Incredibles,2004-11-05,"Animation, Action, Adventure",115,PG,"United States, Japan","English, French, German, Italian, Portuguese, Russian",Brad Bird,Brad Bird,"Craig T. Nelson, Samuel L. Jackson, Holly Hunter",Won 2 Oscars. 69 wins & 56 nominations total,8.0,798201,tt0317705,92000000 ,261441092,631684650,70467623
Into the Wild,2007-10-19,"Adventure, Biography, Drama",148,R,United States,"English, Danish",Sean Penn,"Sean Penn, Jon Krakauer","Emile Hirsch, Vince Vaughn, Catherine Keener",Nominated for 2 Oscars. 23 wins & 106 nominations total,8.1,652202,tt0758758,15000000 ,18354356,56675895,212440
Hachi: A Dog's Tale,2010-03-12,"Biography, Drama, Family",93,G,"United Kingdom, United States","English, Japanese",Lasse Hallström,"Stephen P. Lindsey, Kaneto Shindô","Richard Gere, Joan Allen, Cary-Hiroyuki Tagawa",1 nomination,8.1,307626,tt1028532,16000000 ,46749646,0,0
The Handmaiden,2017-09-02,"Drama, Romance, Thriller",145,Not Rated,South Korea,"Korean, Japanese",Park Chan-wook,"Sarah Waters, Chung Seo-kyung, Park Chan-wook","Kim Min-hee, Ha Jung-woo, Cho Jin-woong",Won 1 BAFTA Award69 wins & 104 nominations total,8.1,169699,tt4016934,2006788,92129,0,37854655
My Father and My Son,2005-11-18,"Drama, Family",112,Not Rated,Turkey,Turkish,Çagan Irmak,Çagan Irmak,"Çetin Tekindor, Fikret Kuskan, Hümeyra",14 wins & 7 nominations,8.2,91727,tt0476735,18612999,0,0,0
To Be or Not to Be,1942-03-06,"Comedy, Romance, War",99,Passed,United States,"English, German, French",Ernst Lubitsch,"Melchior Lengyel, Edwin Justus Mayer, Ernst Lubitsch","Carole Lombard, Jack Benny, Robert Stack",Nominated for 1 Oscar. 2 wins & 2 nominations total,8.1,42257,tt0035446,3270000,4578000,0,0
The Sound of Music,1965-04-01,"Biography, Drama, Family",172,G,United States,"English, German",Robert Wise,"Georg Hurdalek, Howard Lindsay, Russel Crouse","Julie Andrews, Christopher Plummer, Eleanor Parker",Won 5 Oscars. 17 wins & 13 nominations total,8.1,257771,tt0059742,8200000 ,159287539,159436802,413497
The Grapes of Wrath,1940-03-15,Drama,129,Passed,United States,English,John Ford,"Nunnally Johnson, John Steinbeck","Henry Fonda, Jane Darwell, John Carradine",Won 2 Oscars. 10 wins & 6 nominations total,8.1,99187,tt0032551,800000 ,0,0,0
The Battle of Algiers,1967-09-20,"Drama, War",121,Not Rated,"Italy, Algeria","Arabic, French, English, Spanish",Gillo Pontecorvo,"Franco Solinas, Gillo Pontecorvo","Brahim Hadjadj, Jean Martin, Yacef Saadi",Nominated for 3 Oscars. 9 wins & 8 nominations total,8.1,64998,tt0058946,800000 ,879794,962002,64870
Groundhog Day,1993-02-12,"Comedy, Drama, Fantasy",101,PG,United States,"English, French, Italian",Harold Ramis,"Danny Rubin, Harold Ramis","Bill Murray, Andie MacDowell, Chris Elliott",Won 1 BAFTA Award7 wins & 17 nominations total,8.0,678228,tt0107048,14600000 ,71107962,71108591,12517672
Amores Perros,2001-04-13,"Drama, Thriller",154,R,Mexico,Spanish,Alejandro G. Iñárritu,Guillermo Arriaga,"Emilio Echevarría, Gael García Bernal, Goya Toledo",Nominated for 1 Oscar. 55 wins & 24 nominations total,8.1,251378,tt0245712,2000000 ,5408467,20908467,61047
Rebecca,1940-04-12,"Drama, Film-Noir, Mystery",130,Approved,United States,"English, French",Alfred Hitchcock,"Daphne Du Maurier, Robert E. Sherwood, Joan Harrison","Laurence Olivier, Joan Fontaine, George Sanders",Won 2 Oscars. 7 wins & 10 nominations total,8.1,145284,tt0032976,1288000 ,111055,0,0
Cool Hand Luke,1967-11-01,"Crime, Drama",127,GP,United States,English,Stuart Rosenberg,"Donn Pearce, Frank Pierson, Hal Dresner","Paul Newman, George Kennedy, Strother Martin",Won 1 Oscar. 5 wins & 11 nominations total,8.1,186842,tt0061512,3200000 ,67,0,0
The Iron Giant,1999-08-06,"Animation, Action, Adventure",86,PG,"United States, Denmark",English,Brad Bird,"Tim McCanlies, Brad Bird, Ted Hughes","Eli Marienthal, Harry Connick Jr., Jennifer Aniston",Won 1 BAFTA Award20 wins & 18 nominations total,8.1,222813,tt0129167,70000000 ,23315035,23335817,5732614
The Help,2011-08-10,Drama,146,PG-13,"United States, India",English,Tate Taylor,"Tate Taylor, Kathryn Stockett","Viola Davis, Emma Stone, Octavia Spencer",Won 1 Oscar. 79 wins & 121 nominations total,8.1,488134,tt1454029,25000000 ,169708112,216639112,26044590
It Happened One Night,1934-02-22,"Comedy, Romance",105,Passed,United States,English,Frank Capra,"Robert Riskin, Samuel Hopkins Adams","Clark Gable, Claudette Colbert, Walter Connolly",Won 5 Oscars. 11 wins & 2 nominations total,8.1,110918,tt0025316,325000 ,14212,0,0
The 400 Blows,1959-11-16,"Crime, Drama",99,Not Rated,France,"French, English",François Truffaut,"François Truffaut, Marcel Moussy","Jean-Pierre Léaud, Albert Rémy, Claire Maurier",Nominated for 1 Oscar. 8 wins & 5 nominations total,8.1,127088,tt0053198,509,11206,0,170919
Aladdin,1992-11-25,"Animation, Adventure, Comedy",90,G,"United States, Japan","English, Russian","Ron Clements, John Musker","Ron Clements, John Musker, Ted Elliott","Scott Weinger, Robin Williams, Linda Larkin",Won 2 Oscars. 34 wins & 22 nominations total,8.0,460762,tt0103639,28000000 ,217350219,504050219,196664
Gangs of Wasseypur,2012-06-22,"Action, Comedy, Crime",321,Not Rated,"India, France",Hindi,Anurag Kashyap,"Akhilesh Jaiswal, Anurag Kashyap, Sachin K. Ladia","Manoj Bajpayee, Nawazuddin Siddiqui, Tigmanshu Dhulia",18 wins & 65 nominations,8.2,102960,tt1954470,4384642,0,0,0
